Species,Largo_Petalo,Desviacion
setosa,1.462,0.17366399648018407
versicolor,4.26,0.46991097723995795
virginica,5.552,0.5518946956639834
