"Diet","weightLoss"
"A",2
"A",9
"A",1.90000000000001
"A",5.09999999999999
"A",3.90000000000001
"B",0
"B",4.7
"B",5.40000000000001
"B",-1.40000000000001
"B",3
"C",9.2
"C",7.59999999999999
"C",0.900000000000006
"C",6.3
"C",3.4
